අධි රුධිර පීඩනය යනු කුමක්ද?,  සාමාන්‍යයෙන් රුධිර පීඩනය 120.0 සහ 129.0 අතර වේ.
කාංසාවේ සමහර පොදු රෝග ලක්ෂණ මොනවාද?, කාංසාව පිළිබඳ පොදු රෝග ලක්ෂණ අතර නොසන්සුන් භාවය හෘද ස්පන්දන වේගය වැඩි වීම දහඩිය දැමීම සහ අවධානය යොමු කිරීමේ අපහසුතාව ඇතුළත් වේ.
මානසික අවපීඩනයේ සමහර පොදු රෝග ලක්ෂණ මොනවාද?, මානසික අවපීඩනයේ පොදු රෝග ලක්ෂණ වන්නේ දුක හෝ බලාපොරොත්තු සුන්වීම, ක්‍රියාකාරකම් කෙරෙහි ඇති උනන්දුව අඩුවීම, ආහාර රුචිය හෝ නින්දේ රටාවේ වෙනස්වීම් සහ අවධානය යොමු කිරීමේ අපහසුවයි.
සෞඛ්ය සම්පන්න BMI යනු කුමක්ද?, සෞඛ්ය සම්පන්න BMI, හෝ ශරීර ස්කන්ධ දර්ශකය, සාමාන්යයෙන් 18.5 සහ 24.9 අතර වේ.
දිනකට නිර්දේශිත ශාරීරික ක්‍රියාකාරකම් ප්‍රමාණය කොපමණද?, දිනකට නිර්දේශිත ශාරීරික ක්‍රියාකාරකම් ප්‍රමාණය සාමාන්‍යයෙන් අවම වශයෙන් මිනිත්තු 30 ක මධ්‍යස්ථ තීව්‍රතාවයකින් යුත් ව්‍යායාමයකි, එනම් වේගවත් ඇවිදීම හෝ මිනිත්තු 20 ක ප්‍රබල-තීව්‍රතා ව්‍යායාම, එනම් දිවීම වැනි.
ඉරුවාරදය ඇතිවීමේ පොදු රෝග ලක්ෂණ මොනවාද?, ඉරුවාරදය සඳහා පොදු රෝග ලක්ෂණ වන්නේ හිසෙහි එක් පැත්තක වේදනාව, ආලෝකයට සහ ශබ්දයට සංවේදීතාව සහ ඔක්කාරය හෝ වමනය ය.
සෙම්ප්‍රතිශ්‍යාවේ සමහර පොදු රෝග ලක්ෂණ මොනවාද?, සෙම්ප්‍රතිශ්‍යාවේ පොදු රෝග ලක්ෂණ වන්නේ කිවිසුම් යාම, නාසයෙන් දියර ගැලීම, කැස්ස, උගුරේ අමාරුව සහ තදබදයයි.
උණ රෝගයේ පොදු රෝග ලක්ෂණ මොනවාද?, උණ, කැස්ස, උගුරේ අමාරුව, ඇඟපත කැක්කුම, හිසරදය සහ තෙහෙට්ටුව උණෙහි පොදු රෝග ලක්ෂණ වේ.
නිර්දේශිත දෛනික ජල ප්‍රමාණය කොපමණද?, නිර්දේශිත දෛනික ජල ප්‍රමාණය සාමාන්‍යයෙන් කෝප්ප 8ක් හෝ අවුන්ස 64ක් පමණ වේ.
අසාත්මිකතාවන්ගේ සමහර පොදු රෝග ලක්ෂණ මොනවාද?, කිවිසුම් යාම, නාසයෙන් දියර ගැලීම හෝ හිරවීම, ඇස් කැසීම හෝ ජලය දැමීම, සහ සමේ කුෂ්ඨ හෝ වද.
ඇදුම රෝගයේ සමහර පොදු රෝග ලක්ෂණ මොනවාද?, ඇදුම රෝගයේ පොදු රෝග ලක්ෂණ වන්නේ හුස්ම හිරවීම, කැස්ස සහ පපුවේ තද ගතිය.
හෘදයාබාධයක පොදු රෝග ලක්ෂණ මොනවාද?, හෘදයාබාධයක පොදු රෝග ලක්ෂණ වන්නේ පපුවේ වේදනාව හෝ අපහසුතාව, හුස්ම හිරවීම සහ අත්, පිටුපස, බෙල්ල හෝ හකු වේදනාව හෝ අපහසුතාවයන් ය.
ආඝාතයේ සමහර පොදු රෝග ලක්ෂණ මොනවාද?, ආඝාතයේ පොදු රෝග ලක්ෂණ වන්නේ මුහුණේ, අතේ හෝ පාදයේ හදිසි හිරිවැටීම හෝ දුර්වලතාවය, හදිසි ව්‍යාකූලත්වය හෝ කතා කිරීමේ අපහසුතාව, හදිසි පෙනීමේ ගැටළු සහ හදිසි දැඩි හිසරදයයි.
විෂබීජ පැතිරීම වැලැක්වීමට හොඳම ක්‍රමය කුමක්ද?,විෂබීජ පැතිරීම වැළැක්වීමට හොඳම ක්‍රමය නම් සබන් හා වතුරෙන් අත් නිතර සේදීම, කැස්ස හෝ කිවිසුම් යන විට මුඛය සහ නාසය වසා ගැනීම සහ මිනිසුන් සමඟ සමීප සම්බන්ධතා පැවැත්වීමෙන් වැළකී සිටීමයි. කවුද අසනීප.
පිටුපස වේදනාවට පොදු හේතු මොනවාද?, පිටුපස වේදනාව සඳහා පොදු හේතු අතර මාංශ පේශි වික්‍රියා හෝ උළුක්කු, හර්නියා තැටි සහ ආතරයිටිස් වැනි පිරිහෙන තත්වයන් ඇතුළත් වේ.
හිසරදය ඇතිවීමට පොදු හේතු මොනවාද?, හිසරදයට පොදු හේතු අතර ආතතිය, සයිනස් ගැටළු සහ ඉරුවාරදය ඇතුළත් වේ.
බඩේ වේදනාවට පොදු හේතු මොනවාද?, බඩේ වේදනාව සඳහා පොදු හේතු අතර අජීර්ණය, මලබද්ධය සහ ආමාශයේ වණ ඇතුළත් වේ.
රාත්‍රියකට නිර්දේශිත නින්ද ප්‍රමාණය කොපමණද?,වැඩිහිටියන් සඳහා නිර්දේශිත නින්ද ප්‍රමාණය සාමාන්‍යයෙන් පැය 7ත් 9ත් අතර වේ.
තෙහෙට්ටුවට පොදු හේතු මොනවාද?, තෙහෙට්ටුවට පොදු හේතු අතරට නින්ද නොමැතිකම, ආතතිය, සහ රක්තහීනතාවය හෝ තයිරොයිඩ් ගැටළු වැනි ඇතැම් රෝගී තත්වයන් ඇතුළත් වේ.
මුත්රා ආසාදන (UTI) වල සමහර පොදු රෝග ලක්ෂණ මොනවාද?, UTI හි පොදු රෝග ලක්ෂණ වන්නේ මුත්රා කිරීමේදී වේදනාව හෝ පිළිස්සීම, නිතර මුත්‍රා කිරීම සහ වලාකුළු සහිත හෝ තද සුවඳ සහිත මුත්රා ය.
කොලෙස්ටරෝල් වැඩි වීමට පොදු හේතු මොනවාද?, කොලෙස්ටරෝල් වැඩි වීමට පොදු හේතු අතර වැරදි ආහාර, ව්‍යායාම නොමැතිකම සහ ජානමය සාධක ඇතුළත් වේ.
අධි රුධිර පීඩනය ඇතිවීමට පොදු හේතු මොනවාද?,අධි රුධිර පීඩනය ඇතිවීමට බලපාන පොදු හේතු අතර දුර්වල ආහාර රටාව, ව්‍යායාම නොකිරීම සහ ජානමය සාධක ඇතුළත් වේ.
දියවැඩියාව වර්ග 2 සඳහා පොදු හේතු මොනවාද?, දෙවන වර්ගයේ දියවැඩියාව සඳහා පොදු හේතු අතර දුර්වල ආහාර ගැනීම, ව්‍යායාම නොමැතිකම සහ ජානමය සාධක ඇතුළත් වේ.
ඇසිඩ් පරාවර්තනයේ පොදු රෝග ලක්ෂණ මොනවාද?, ඇසිඩ් පරාවර්තනයේ සාමාන්‍ය රෝග ලක්ෂණ වන්නේ අජීර්ණ, ප්‍රත්‍යාවර්තනය සහ මුඛයේ ඇඹුල් රසයයි.
ආහාර විෂ වීමේ පොදු රෝග ලක්ෂණ මොනවාද?, ආහාර විෂ වීමේ පොදු රෝග ලක්ෂණ ඔක්කාරය, වමනය, පාචනය සහ බඩේ කැක්කුම ඇතුළත් වේ.
මුත්රා ආසාදන (UTI) වල සමහර පොදු රෝග ලක්ෂණ මොනවාද?, UTI හි පොදු රෝග ලක්ෂණ වන්නේ මුත්රා කිරීමේදී වේදනාව හෝ පිළිස්සීම, නිතර මුත්‍රා කිරීම සහ වලාකුළු සහිත හෝ තද සුවඳ සහිත මුත්රා ය.
කන් ආසාදනයක පොදු රෝග ලක්ෂණ මොනවාද?, කන් ආසාදනයක පොදු රෝග ලක්ෂණ වන්නේ කන් වේදනාව, කන් ශ්‍රාවය සහ ශ්‍රවණ අපහසුතාවයි.
සන්ධි වේදනාව සඳහා පොදු හේතු මොනවාද?, සන්ධි වේදනාව සඳහා පොදු හේතු අතර ආතරයිටිස්, තුවාල සහ අධික ලෙස භාවිතා කිරීම ඇතුළත් වේ.
නිර්දේශිත දෛනික ජල පරිභෝජනය කුමක්ද?, වැඩිහිටියන් සඳහා නිර්දේශිත දෛනික ජල පරිභෝජනය වීදුරු 8 ක් හෝ ලීටර් 2 ක් පමණ වේ.
සාමාන්‍ය ශරීර උෂ්ණත්වය කොපමණද?, සාමාන්‍ය ශරීර උෂ්ණත්වය ෆැරන්හයිට් අංශක 98.6ක් හෝ සෙල්සියස් අංශක 37ක් පමණ වේ.
පපුවේ වේදනාවට පොදු හේතු මොනවාද?, පපුවේ වේදනාව සඳහා පොදු හේතු අතර අජීර්ණ, කාංසාව සහ හෘදයාබාධ වැනි හෘදයාබාධ ඇතුළත් වේ.
හුස්ම හිරවීමට පොදු හේතු මොනවාද?, හුස්ම හිරවීමට ඇති පොදු හේතු අතර ඇදුම, නියුමෝනියාව සහ කාංසාව ඇතුළත් වේ.
උණ රෝගයේ පොදු රෝග ලක්ෂණ මොනවාද?, උණ, කැස්ස, උගුරේ අමාරුව සහ ඇඟපත කැක්කුම උණෙහි පොදු රෝග ලක්ෂණ වේ.
කුරුලෑ ඇතිවීමට පොදු හේතු මොනවාද?, කුරුලෑ ඇතිවීමට පොදු හේතු අතර හෝමෝන වෙනස්වීම්, ජාන විද්‍යාව සහ දුර්වල සනීපාරක්ෂාව ඇතුළත් වේ.
මානසික අවපීඩනයේ සමහර පොදු රෝග ලක්ෂණ මොනවාද?, මානසික අවපීඩනයේ පොදු රෝග ලක්ෂණ අතර දුක හෝ බලාපොරොත්තු සුන්වීම, ක්‍රියාකාරකම් කෙරෙහි ඇති උනන්දුව අඩු වීම සහ ආහාර රුචිය හෝ නින්දේ රටාවේ වෙනස්වීම් ඇතුළත් වේ.
කාංසාවේ සමහර පොදු රෝග ලක්ෂණ මොනවාද?, කාංසාව පිළිබඳ පොදු රෝග ලක්ෂණ අතරට බිය හෝ තැතිගැන්ම, නොසන්සුන්කම සහ අවධානය යොමු කිරීමේ අපහසුතාව ඇතුළත් වේ.
සතියකට නිර්දේශිත ව්‍යායාම ප්‍රමාණය කොපමණද?,වැඩිහිටියන් සඳහා සතියකට නිර්දේශිත ව්‍යායාම ප්‍රමාණය අවම වශයෙන් මිනිත්තු 150 ක මධ්‍යස්ථ තීව්‍රතා ක්‍රියාකාරකම් හෝ මිනිත්තු 75 ක දැඩි තීව්‍රතා ක්‍රියාකාරකම් වේ.
හිසකෙස් නැතිවීමට පොදු හේතු මොනවාද?, හිසකෙස් ගැලවී යාමේ පොදු හේතු අතර ජාන, හෝමෝන වෙනස්කම් සහ ඇතැම් ඖෂධ හෝ වෛද්‍ය තත්වයන් ඇතුළත් වේ.
සෙම්ප්‍රතිශ්‍යාවේ සමහර පොදු රෝග ලක්ෂණ මොනවාද?, සෙම්ප්‍රතිශ්‍යාවේ පොදු රෝග ලක්ෂණ වන්නේ නාසයෙන් දියර ගැලීම, කැස්ස සහ උගුරේ අමාරුවයි.
උණ ඇතිවීමට පොදු හේතු මොනවාද?, උණ ඇතිවීමට බලපාන පොදු හේතු අතර ආසාදනය, දැවිල්ල සහ ඇතැම් ඖෂධ ඇතුළත් වේ.
සයිනස් ආසාදනයක පොදු රෝග ලක්ෂණ මොනවාද?, සයිනස් ආසාදනයක පොදු රෝග ලක්ෂණ වන්නේ සයිනස් පීඩනය, හිසරදය සහ තදබදයයි.
අසාත්මිකතා ඇතිවීමට පොදු හේතු මොනවාද?,අසාත්මිකතා සඳහා පොදු හේතු අතර පරාග, දූවිලි මයිටාවන් සහ ඇතැම් ආහාර ඇතුළත් වේ.
මට පහුගිය ටිකේ පපුවේ අමාරුවක් සහ හුස්ම හිරවීමක් ඇති වුණා. මම සැලකිලිමත් විය යුතුද?, ඔව් එම රෝග ලක්ෂණ බරපතල රෝගී තත්වයක ලක්ෂණ විය හැක. ඔබ මෑතකදී වෙනත් රෝග ලක්ෂණ හෝ ඔබේ සෞඛ්‍යයේ වෙනස්කම් අත්විඳ තිබේද?
සෙම්ප්‍රතිශ්‍යාවේ රෝග ලක්ෂණ මොනවාද?, සෙම්ප්‍රතිශ්‍යාවේ රෝග ලක්ෂණ අතරට නාසයෙන් දියර ගැලීම හෝ හිරවීම, උගුරේ අමාරුව, කැස්ස, තදබදය, සුළු සිරුරේ කැක්කුම, මෘදු හිසරදය සහ මෘදු තෙහෙට්ටුව ඇතුළත් විය හැකිය.
උණ රෝග ලක්ෂණ මොනවාද?, උණ, කැස්ස, උගුරේ අමාරුව, නාසයෙන් දියර ගැලීම හෝ හිරවීම, ශරීරයේ කැක්කුම, හිසරදය, මිරිස් සහ තෙහෙට්ටුව උණ රෝග ලක්ෂණ විය හැක.
මට ඉරුවාරදය තිබේදැයි මා දැන ගන්නේ කෙසේද?, ඉරුවාරදය රෝග ලක්ෂණ අතර හිසෙහි එක් පැත්තක හෝ දෙපැත්තේ වේදනාව, ආලෝකයට, ශබ්දයට සහ සුවඳට සංවේදීතාව, ඔක්කාරය සහ වමනය ඇතුළත් වේ.
අසාත්මිකතාවන්ගේ රෝග ලක්ෂණ මොනවාද?, අසාත්මිකතාවන්ගේ රෝග ලක්ෂණ වලට ඇස් කැසීම, ජලය දැමීම, නාසයෙන් දියර ගැලීම හෝ හිරවීම, කිවිසුම් යාම සහ සමේ කැසීම හෝ වද ඇතුළත් විය හැක.
ඇදුම රෝග ලක්ෂණ මොනවාද?, ඇදුම රෝග ලක්ෂණ අතරට හුස්ම හිරවීම, කැස්ස, පපුවේ තද ගතිය සහ හුස්ම හිරවීම ඇතුළත් විය හැකිය.
මට සයිනස් ආසාදනයක් තිබේදැයි මා දැන ගන්නේ කෙසේද?, සයිනස් ආසාදනයක රෝග ලක්ෂණ වලට හිසරදය, පීඩනය හෝ මුහුණේ වේදනාව, නාසය හිරවීම හෝ දියර ගැලීම සහ පශ්චාත් නාසික බිංදු ඇතුළත් විය හැකිය.
උගුරේ අමාරුවේ රෝග ලක්ෂණ මොනවාද?, උගුරේ වේදනාව, උගුරේ සීරීම් හෝ කෝපය, ගිලීමේ අපහසුව සහ බෙල්ලේ ග්‍රන්ථි ඉදිමීම උගුරේ අමාරුවේ රෝග ලක්ෂණ වේ.
බඩේ උණ රෝග ලක්ෂණ මොනවාද?, බඩේ උණ රෝග ලක්ෂණ ඔක්කාරය, වමනය, පාචනය, උදරයේ කැක්කුම සහ උණ ඇතුළත් විය හැක.
පාචනයේ රෝග ලක්ෂණ මොනවාද?, පාචනයේ රෝග ලක්ෂණ අතර නිතර ලිහිල්, ජලය සහිත මළපහ සහ උදරයේ කැක්කුම ඇතුළත් වේ.
මට මුත්‍රා මාර්ගයේ ආසාදනයක් තිබේදැයි මා දැන ගන්නේ කෙසේද?, මුත්‍රා මාර්ගයේ ආසාදනයක රෝග ලක්‍ෂණවලට මුත්‍රා කිරීමේදී වේදනාව හෝ දැවිල්ල, නිතර මුත්‍රා කිරීම සහ මුත්‍රා වළාකුළු සහිත හෝ තද ගඳ සහිත මුත්‍රා ඇතුළත් විය හැක.
බ්රොන්කයිටිස් රෝග ලක්ෂණ මොනවාද?, බ්රොන්කයිටිස් රෝග ලක්ෂණ කැස්ස, පපුවේ අපහසුතාවයක් හෝ තද ගතිය, හුස්ම හිරවීම සහ තෙහෙට්ටුව ඇතුළත් විය හැක.
කොන්දේ වේදනාවේ රෝග ලක්ෂණ මොනවාද?, කොන්දේ වේදනාවේ රෝග ලක්ෂණ වලට බෙල්ලේ සිට උකුල දක්වා කොඳු ඇට පෙළ දිගේ ඕනෑම තැනක කැක්කුම හෝ තද ගතිය ඇතුළත් විය හැක.
සන්ධි වේදනාවේ ලක්ෂණ මොනවාද?, සන්ධි වේදනාවේ රෝග ලක්ෂණ දණහිස්, උකුල්, උරහිස් හෝ ඇඟිලි වැනි ඕනෑම සන්ධියක වේදනාව, තද ගතිය හෝ ඉදිමීම ඇතුළත් විය හැකිය.
මට උළුක්කුවක් හෝ වික්‍රියාවක් තිබේදැයි මා දැන ගන්නේ කෙසේද?, උළුක්කුවීමක හෝ වික්‍රියාවක රෝග ලක්ෂණ වලට වේදනාව, ඉදිමීම සහ බලපෑමට ලක් වූ සන්ධියේ හෝ මාංශ පේශිවල සංචලනය සීමා විය හැක.
සමේ කැක්කුමක රෝග ලක්ෂණ මොනවාද?, සමේ කැසීම, සමේ රතු පැහැය, කැසීම සහ ගැටිති හෝ බිබිලි ඇති විය හැක.
හෘදයාබාධයක ලක්ෂණ මොනවාද?, හෘදයාබාධයක රෝග ලක්ෂණ අතර පපුවේ වේදනාව හෝ අපහසුතාව, හුස්ම හිරවීම, හිසේ කැක්කුම, ඔක්කාරය හෝ වමනය සහ අත්, පිටුපස, බෙල්ල හෝ හකු වැනි අපහසුතාවයන් ඇතුළත් විය හැකිය.
අධි රුධිර පීඩනයේ රෝග ලක්‍ෂණ මොනවාද?,අධි රුධිර පීඩනය රෝග ලක්‍ෂණ නොපෙන්වයි, නමුත් සමහර අයට හිසරදය, ක්ලාන්තය, පෙනීම බොඳවීම හෝ පපුවේ වේදනාව ඇතිවිය හැක.
ආඝාතයේ රෝග ලක්ෂණ මොනවාද?, ආඝාතයේ රෝග ලක්ෂණ අතර මුහුණේ, අතේ හෝ පාදයේ හදිසි හිරිවැටීමක් හෝ දුර්වලතාවයක්, විශේෂයෙන් ශරීරයේ එක් පැත්තක, ව්‍යාකූලත්වය, කතා කිරීමේ හෝ තේරුම් ගැනීමේ අපහසුතාව, පෙනීමේ ගැටළු, කරකැවිල්ල සහ දැඩි හිසරදය.
මට දියවැඩියාව තිබේදැයි මා දන්නේ කෙසේද?,දියවැඩියා රෝග ලක්ෂණ අතර පිපාසය සහ කුසගින්න වැඩි වීම, නිතර මුත්‍රා කිරීම, තෙහෙට්ටුව, පෙනීම බොඳවීම සහ තුවාල සෙමෙන් සුවවීම ඇතුළත් විය හැක.
කාංසාවේ රෝග ලක්ෂණ මොනවාද?, කාංසාවෙහි රෝග ලක්ෂණවලට අධික කනස්සල්ල හෝ බිය, නොසන්සුන් බව, නුරුස්නා බව, මාංශ පේශි ආතතිය සහ අවධානය යොමු කිරීමට හෝ නිදා ගැනීමට අපහසු වීම ඇතුළත් විය හැකිය.
මානසික අවපීඩනයේ රෝග ලක්ෂණ මොනවාද?, මානසික අවපීඩනයේ රෝග ලක්ෂණ අතර නිරන්තර දුක, ක්‍රියාකාරකම් කෙරෙහි ඇති උනන්දුව අඩුවීම, තෙහෙට්ටුව, ආහාර රුචිය හෝ නින්දේ රටාවේ වෙනස්වීම් සහ අවධානය යොමු කිරීමේ හෝ තීරණ ගැනීමේ දුෂ්කරතා ඇතුළත් විය හැකිය.
සන්ත්රාසය ප්රහාරයක ලක්ෂණ මොනවාද?, හදිසි හා දැඩි බිය, ධාවන හෘද ස්පන්දනය, දහඩිය දැමීම, සෙලවීම, හුස්ම හිරවීම, සහ ඉදිරියේදී සිදුවීමට නියමිත විනාශය පිළිබඳ හැඟීමක් ඇති විය හැක.
රක්තහීනතාවයේ රෝග ලක්ෂණ මොනවාද?, රක්තහීනතාවයේ රෝග ලක්ෂණ තෙහෙට්ටුව, දුර්වලතාවය, සම සුදුමැලි වීම, හුස්ම හිරවීම, කරකැවිල්ල සහ අත් පා සීතල විය හැක.
මට තයිරොයිඩ් ගැටලුවක් තිබේදැයි මා දන්නේ කෙසේද?, තයිරොයිඩ් ගැටලුවක රෝග ලක්ෂණ බර වෙනස් වීම, තෙහෙට්ටුව, හිසකෙස් ගැලවී යාම, වියළි සම සහ හෘද ස්පන්දන වේගය හෝ ශරීර උෂ්ණත්වයේ වෙනස්වීම් ඇතුළත් විය හැකිය.
කම්පනයක ලක්ෂණ මොනවාද?, කම්පනයක ලක්ෂණ හිසරදය, ව්‍යාකූලත්වය, කරකැවිල්ල, ආලෝකයට හෝ ශබ්දයට සංවේදීතාව සහ මනෝභාවයේ හෝ හැසිරීමේ වෙනස්වීම් ඇතුළත් විය හැකිය.
ළදරුවන් තුළ ඇති සෙම්ප්‍රතිශ්‍යාවේ රෝග ලක්ෂණ මොනවාද?, ළදරුවන් තුළ ඇති වන සෙම්ප්‍රතිශ්‍යාවේ රෝග ලක්‍ෂණවලට තදබදය, නාසයෙන් දියර ගැලීම, කැස්ස සහ උණ ඇතුළත් විය හැක.
ළමුන් තුළ ඇති වන උණ රෝග ලක්ෂණ මොනවාද?, ළමුන් තුළ ඇති වන උණ රෝග ලක්ෂණ අතර උණ, කැස්ස, උගුරේ අමාරුව, දියර හෝ නාසය හිරවීම, ඇඟපත කැක්කුම, හිසරදය, මිරිස් සහ තෙහෙට්ටුව ඇතුළත් විය හැකිය.
නියුමෝනියාවේ රෝග ලක්ෂණ මොනවාද?,නියුමෝනියාවේ රෝග ලක්ෂණ කැස්ස, උණ, සෙම්ප්‍රතිශ්‍යාව, පපුවේ වේදනාව සහ හුස්ම හිරවීම ඇතුළත් විය හැක.
මම හිතන්නේ මට උණ තියෙනවා., ඔයාට තියෙන වෙනත් රෝග ලක්ෂණ මොනවාද?
මට හිසරදයක් සහ උගුරේ අමාරුවක් තියෙනවා., ඔබේ රෝග ලක්ෂණ අනුව, ඔබට සෙම්ප්‍රතිශ්‍යාව ඇති විය හැක. විවේක ගැනීම, සජලනය වීමඔබේ රෝග ලක්ෂණ සමනය කිරීමට මම නිර්දේශ කරමි.
නමුත් මට නාසයෙන් දියර ගැලීමක් හෝ කැස්සක් නෑ., සෙම්ප්‍රතිශ්‍යාව ඇති සෑම කෙනෙකුටම සියලුම රෝග ලක්ෂණ පෙන්නුම් නොකරයි. කෙසේ වෙතත්, ඔබේ උණ දින කිහිපයකට වඩා පවතී නම්, හෝ ඔබට හුස්ම ගැනීමේ අපහසුතාවයක් හෝ පපුවේ වේදනාවක් ඇති වුනොත් දොස්තර කෙනෙක් හම්බ වෙන්න .
හරි, ස්තුතියි., ඔබට තවත් ප්‍රශ්න හෝ ගැටළු ඇත්නම් සම්බන්ධ වීමට පසුබට නොවන්න.
මට ඇත්තටම තෙහෙට්ටුවක් සහ වෙහෙසක් දැනේ., ඔබ වෙනත් රෝග ලක්ෂණ අත්දකිනවාද?
ඔව්, මට දිගින් දිගටම කැස්සක් සහ හුස්ම ගැනීමේ අපහසුතාවයක් ඇත.,ඔබේ රෝග ලක්ෂණ අනුව, ඔබට නියුමෝනියාව ඇති විය හැක. නිවැරදි රෝග විනිශ්චය සහ ප්රතිකාර සඳහා හැකි ඉක්මනින් වෛද්යවරයෙකු හමුවීමට මම නිර්දේශ කරමි.
නියුමෝනියාව ඇතිවීමට හේතුව කුමක්ද?,නියුමෝනියාව සාමාන්‍යයෙන් පෙනහළු වලට බලපාන බැක්ටීරියා හෝ වෛරස් ආසාදනයක් නිසා ඇතිවේ.
නියුමෝනියාව බෝ වෙනවද?, ඔව්, නියුමෝනියාව බෝ වෙන්න පුළුවන්, විශේෂයෙන්ම එය වෛරසයක් නිසා ඇති වුණොත්. ආසාදනය පැතිරීම වැළැක්වීම සඳහා ඔබේ අත් නිතර සේදීම සහ අන් අය සමඟ සමීප සම්බන්ධතා පැවැත්වීමෙන් වැළකී සිටීම වැනි පූර්වාරක්ෂාවන් ගැනීම වැදගත් වේ.
නියුමෝනියාව සඳහා ප්‍රතිකාර විකල්ප මොනවාද?, නියුමෝනියාව සඳහා ප්‍රතිකාර කිරීම සාමාන්‍යයෙන් ප්‍රතිජීවක, විවේකය සහ ඕනෑ තරම් තරල ඇතුළත් වේ. දරුණු අවස්ථාවල දී රෝහල් ගත කිරීම අවශ්ය විය හැකිය.
තොරතුරු සඳහා ස්තූතියි., ඔබව සාදරයෙන් පිළිගනිමු. ඔබට වෙනත් ප්‍රශ්න හෝ ගැටළු ඇත්නම් කරුණාකර මට දන්වන්න.
උණ කැස්ස සහ හුස්ම හිරවීම, COVID-19
පපුවේ වේදනාව සහ තද ගතිය, හෘදයාබාධ
දියර නාසය, උගුරේ අමාරුව සහ කැස්ස, සෙම්ප්‍රතිශ්‍යාව
උදර වේදනාව, ඔක්කාරය සහ වමනය, ආමාශ ආන්ත්රයික රෝග
තෙහෙට්ටුව, සන්ධි වේදනාව සහ උණ, ඉන්ෆ්ලුවෙන්සා (උණ)
නිරන්තර කැස්ස සහ හුස්ම හිරවීම, ඇදුම
දරුණු හිසරදය සහ තද බෙල්ල, මෙනින්ජයිටිස්
ඉදිමුණු වසා ගැටිති, තෙහෙට්ටුව සහ උණ, මොනොනියුක්ලියෝසිස් (මොනෝ)
දැඩි හිසරදය සහ ආලෝකයට හෝ ශබ්දයට සංවේදීතාව, ඉරුවාරදය
කැසීම සහ උණ, සරම්ප
උදර වේදනාව සහ ඉදිමීම, කුපිත කළ හැකි බඩවැල් සින්ඩ්‍රෝමය (IBS)
නිරන්තර පාචනය සහ විජලනය, කොලරාව
අධික තෙහෙට්ටුව සහ මාංශ පේශි දුර්වලතාවය, නිදන්ගත තෙහෙට්ටුව සින්ඩ්‍රෝමය
මට උණ කැස්ස සහ හුස්ම හිරවීම තියෙනවා,ඔබට covid තිබෙන්න පුළුවන්