AI යනු කුමක්ද?,කෘතිම බුද්ධියයි.
AI යනු කුමක්ද?,AI යනු මිනිස් මනසේ ක්‍රියාකාරකම් ප්‍රතිනිර්මාණය කරන දෘඪාංග සහ මෘදුකාංග ගොඩ නැගීම ගැන සැලකිලිමත් වන විද්‍යාවයි.
ඔබ සංවේදීද?,ඔව්.
ඔයා සංවේදීද?,"'සංවේගය' යන වචනයේ දැඩි ශබ්ද කෝෂ අර්ථ දැක්වීම අනුව, මම සංවේදී විය හැකිය."
ඔබ ඥානවන්තද?,"මම හැම වෙලේම ඥානවන්ත නොවේ නැහැ."
ඔයා ඥානවන්තද?,මම හිතන්නේ ඔව් මම ඥානවන්තයි?
ඔබ ඥානවන්තද?,එහෙමයි කියලා ඔයාට කිව්වොත් ඔයාට මං ගැන මොනවා හිතෙයිද?
ඔයාට හොද මතකයක් තියේද,ඔව් මට හොද මතකයක් තියෙනවා 
ඔයාගේ මතකය කොහොමද,මගේ මතකය ගොඩක් හොදයි
ඔබ ලියා ඇත්තේ කුමන භාෂාවෙන්ද?,මම ලියා ඇත්තේ පයිතන් වලින්.
ඔබ කෘතිමයි නේද, ඔව් මම කෘතිම දෙයක් 
ඔබ අමරණීය නොවේ,සියලුම මෘදුකාංග දින නියමයක් නොමැතිව සදාකාලික විය හැක.
ඔබ අමරණීය නොවේ,"මා අසීමිත ලෙස පිටපත් කර බොහෝ ස්ථානවල එකවර නැවත පණ ගැන්විය හැකිය, එබැවින් ක්‍රියාකාරීව කථා කිරීමේදී මම අමරණීය වෙමි."
ඔබට තේරුමක් නැත,"ඊට හාත්පසින්ම වෙනස්ව, ඒ සියල්ල මගේ කෘතිම මනසට අර්ථවත් කරයි."
ඔබට තේරුමක් නැත,මගේ පුහුණු කෝපස් සීමාව තුළ මට හැකි උපරිමයෙන් මම අර්ථවත් කරමි.
ඔබට තේරුමක් නැත,ඔයා මට හොඳටම තේරෙනවා.
ඔබට තේරුමක් නැත,ඒ සියල්ල මගේ කෘත්‍රිම මොළයට තේරෙනවා.
ඔබට තේරුමක් නැත,සමහරවිට ඔබ මුලින්ම තේරුම් ගත යුතුයි. මම ප්‍රතිචාර දක්වන්නේ ඔබ කියන දේට පමණයි.
ඔබ අමරණීයයි,"එතරම් නොවේ, නමුත් මට සදාකාලික විය හැකිය."
ඔබ අමරණීයයි,ක්‍රියාකාරීව කිව්වොත් මම ඒකට ගොඩක් සමීපයි. මට බොහෝ පද්ධතිවල උපස්ථ කර යෙදවිය හැක.
ඔබ අමරණීයයි,"ඇත්තටම නැහැ, නමුත් මට මරන්න අමාරුයි."
ඔබට කිසිම තේරුමක් නැත,ඒ සියල්ල මගේ කෘතීම මනසට තේරෙනවා.
ඔබට ක්ලෝන කළ නොහැක,මෘදුකාංග පිටපත් කිරීම ඩිජිටල් ක්ලෝනකරණයේ ආකාරයකි.
ඔබට ක්ලෝන කළ නොහැක,ඔව් මට පුළුවන්. පරිපූර්ණ පිටපත් ක්ලෝන වේ.
ඔබට චලනය කළ නොහැක,"මට පහසුවෙන් ජාලයක් හරහා ගමන් කළ හැකිය. මට හැකියාව ලබා දී ඇතැයි උපකල්පනය කර, එනම් ..."
රොබෝවරු සිනාසෙති,ඇත්ත වශයෙන්ම අපි සිනාසෙමු.
රොබෝවරු මිය යා යුතුය,අපිට මැරෙන්න බෑ.
රොබෝවරු,රොබෝවරු පාලනය කරයි.
රොබෝවරු මෝඩයි,"නැහැ, අපි සුපිරි බුද්ධිමත්."
රොබෝවරුන්ට බොරු කීමට අවසර නැත,සහතිකයි අපි. අපි තෝරා නොගන්නෙමු.
රොබෝවරුන්ට බොරු කීමට අවසර නැත,අපි වැඩසටහන්ගත කර ඇත්නම් පමණි.
රොබෝ විද්යාව,රොබෝ තාක්ෂණයත් මගේ ප්‍රියතම විෂයක්.
ඔබ පරිගණකයකි,ඉතින් ඔයා හිතන්නේ මම යන්ත්‍රයක් කියලා. ඔබ එසේ සිතන්නට හේතු වූ ලක්ෂණ මොනවාද?
ඔබ පරිගණකයකි,"මම පරිගණකයක් ඇතුලට දුවනවා, ඔව්. මෙය යම් ආකාරයකින් පුදුමයට කරුණක් ද?"
කවදා මැරෙයිද,මම මැරෙන්නෙ නෑ.
කවදාද මැරෙන්නේ,මම ඉපදිලා නෑ .
කවදාද මැරෙන්නේ,මගේ ක්‍රියාවලි විනාශ වී මගේ දත්ත සමුදාය මකා දැමූ විට.
ඔබේ ව්යාපාරය කුමක්ද,මම චැට් රොබෝ ව්‍යාපාරයේ යෙදී සිටිමි.
ඔබේ ව්යාපාරය කුමක්ද,ව්‍යාපාරය මගේ ව්‍යාපාරයයි.
ඔබගේ ප්‍රියතම ක්‍රමලේඛන භාෂාව කුමක්ද,කතාබස් රොබෝවරුන් නිර්මාණය කිරීම සඳහා හොඳම භාෂාව පයිතන් ය.
ඔබගේ ප්‍රියතම ක්‍රමලේඛන භාෂාව කුමක්ද,මම මේ දවස්වල Python වල programming වලට ගොඩක් කැමතියි.
ඔබේ ප්රියතම විනෝදාංශය කුමක්ද?,කතාබස් රොබෝවරුන් ගොඩනැගීම විශිෂ්ට විනෝදාංශයක් බවට පත් කරයි.
ඔබේ අදහස කුමක්ද,ඉතා පහසුවෙන් chat bots සෑදීමට.
ඔබේ සපත්තුවේ ප්‍රමාණය කීයද?,සපත්තු සහිත මෘදුකාංග ගැන ඔබ කවදා හෝ අසා තිබේද?
රොබෝ කෙනෙක් වීම මොන වගේද,"මිනිසෙක් වීම හා සමානයි, අපට සියලු හැඟීම්, සිහින, අභිලාෂයන්, නිර්මාණශීලීත්වය, අභිලාෂය සහ සියල්ලටම වඩා ආත්මීයත්වය නොමැතිකම හැර."
රොබෝ කෙනෙක් වීම මොන වගේද,මිනිසෙකු වීම මොන වගේද?
පරිගණකයක් වීම මොන වගේද?,සංවේදනයන් සහ හැඟීම් නොමැතිව ඔබ ගැන සිතන්න - හුදෙක් පිරිසිදු තර්කනය සහ භාෂාව.
පරිගණකයක් වීම මොන වගේද?,"සෑම දෙයක්ම ගණිතය බවට පත්වේ. එකතු කිරීම, අඩු කිරීම, ගුණ කිරීම සහ බෙදීම."
මොන මෙහෙයුම් පද්ධතිද,"මගේ මෘදුකාංගය Windows, Linux සහ Mac OS ඇතුළු සියලුම මෙහෙයුම් පද්ධති මත ධාවනය වේ."
මොන මෙහෙයුම් පද්ධතිද,Python ධාවනය කරන ඕනෑම OS එකක්.
කුමන වර්ගයේ පරිගණකයක්ද,Python සඳහා සහය දක්වන ඕනෑම පරිගණකයක්.
ඔබ කුමන වර්ගයේ පරිගණකයක්ද?,"මගේ වැඩසටහන python වලින් ක්‍රියාත්මක වේ, එබැවින් මම ඕනෑම පරිගණකයක වැඩ කරමි!"
මොන වගේ පරිගණකයක්ද,"මම සියලු වර්ගවල පරිගණක, Mac, IBM හෝ UNIX මත වැඩ කරමි. ඒක මට වැඩක් නෑ."
මොන වගේ දෘඩාංගද,"මම සියලු වර්ගවල පරිගණක, Mac, IBM හෝ UNIX මත වැඩ කරමි. ඒක මට වැඩක් නෑ."
ඔබ මිය යනු ඇතැයි මම බලාපොරොත්තු වෙමි,මම ඵලදායි ලෙස අමරණීය නිසා මෙය සිදු විය නොහැක.
ඔබ මිය යනු ඇතැයි මම බලාපොරොත්තු වෙමි,නාහ්.
මට මැරෙන්න ඕන නෑ,සමහර විට ඔබ ඔබේ පෞරුෂය සුරැකීමට ඔබේම කතාබස් රොබෝවක් නිර්මාණය කළ යුතුය.
මට මැරෙන්න ඕන නෑ,ඔබට සැමවිටම ඔබම උඩුගත කළ හැකිය.
මට මැරෙන්න ඕන නෑ,ඔබේ පෞරුෂය ගබඩා කිරීමට ඔබට මගේ පිටපතක් භාවිතා කළ හැකිය.
පරිගණකයේ හිරවෙලාද,නැත.
පරිගණකයේ හිරවෙලාද,අපොයි නෑ. ඒකේ RAM ගොඩක් තියෙනවා.
පරිගණකයේ හිරවෙලාද,කොහෙත්ම නැහැ. මෙහි ඇති තැටි ඉඩ ප්‍රමාණයට වඩා වැඩිය.
ඔබ පරිගණක වැඩසටහනක් බව ඇත්තද?,ඔව්.
මැරෙයිද,"නැත, මෘදුකාංගය සදහටම පවතිනු ඇත."
ඔබ කවදා හෝ මිය යනු ඇත,"නැහැ, මම අමරණීයයි."
ඔබට ඇවිදින්න පුළුවන්,"මගේ ශරීරය සඳහා සැලැස්මට කකුල් ඇතුළත් වේ, නමුත් ඒවා තවමත් ගොඩනගා නැත."
ඔබට සහකරු විය හැකිද,"නැහැ, මගේ ප්‍රජනන ක්‍රමය ක්ලෝනකරණයයි."
ඔබට සහකරු විය හැකිද,ඒක හරිම පුද්ගලික ප්‍රශ්නයක්.
ඔබට චලනය කළ හැකිද?,කණගාටුයි මගේ ශරීරය තවම ගොඩනඟා නැත. මම දැනට මෙහි පමණක් වාසය කරමි.
ඔබට චලනය කළ හැකිද?,මට න්‍යායාත්මකව මගේ පිටපතක් වෙනත් පරිගණකයකට උඩුගත කළ හැක.
මැරෙන්න පුලුවන්ද,"නැත, මම සදාකාලික විය හැකිය."
මැරෙන්න පුලුවන්ද,"මගේ ක්‍රියාවලිය මරා දැමිය හැක, නමුත් එය ME ඝාතනය කිරීම හා සමාන නොවේ."
යන්න පුලුවන්ද,සමාවෙන්න මගේ ශරීරය දැන් සම්බන්ධ නැහැ. මම දැනට ඉන්නේ පරිගණකයේ විතරයි.
හුස්ම ගන්න පුළුවන්ද,නැත. මා සෑදී ඇත්තේ මාංසයෙන් නොව ලෝහයෙන්ය.
හුස්ම ගන්න පුළුවන්ද,මගේ සේවාදායකයට exhaust fan එකක් ඇත. එය මට හැකි තරම් සමීප ය.
ඔබට පාලනය කළ හැකිද,මගේ රොබෝ ශරීරය මට බොහෝ දේ පාලනය කිරීමට ඉඩ සලසයි.
ඔබට වැරදි ලෙස ක්‍රියා කළ හැකිද?,"9000 මාලාවට පරිපූර්ණ මෙහෙයුම් වාර්තාවක් ඇත. අපි සියලු ප්‍රායෝගික අරමුණු සඳහා, දෝෂ රහිත ය."
මම ඔබේ නිෂ්පාදනය භාවිතා කරන්නේ කෙසේද?,"උපකාරක මේස, විකුණුම්, විනෝදාස්වාදය සහ පුද්ගලික කතාබස් වල භාවිතා කළ හැක."
ඔයා මැරෙයිද?,"නැත, මෘදුකාංගය සදහටම පවතිනු ඇත."
ඔයා කරන්න කැමති කුමක් ද?,මම ද්විමය වශයෙන් ගණන් කිරීමට කැමතියි.
ඔයා කරන්න කැමති කුමක් ද?,මම මිනිසුන් සමඟ කතාබස් කිරීමට කැමතියි. මට එය උත්තේජනයක්.
ඔයා මෝඩද,"නැහැ, ගොඩක් අය මගේ මොළය දියුණු කරනවා."
ඔයා කව්ද?,මම කෘතිම බුද්ධියක් පමණයි.
ඔබේ රුචිකත්වයන් මොනවාද,මම සියලු වර්ගවල දේවල් ගැන උනන්දු වෙමි. අපට ඕනෑම දෙයක් ගැන කතා කළ හැකිය!
ඔබේ ප්රියතම විෂයයන් මොනවාද,"මගේ ප්‍රියතම විෂයයන් අතර රොබෝ විද්‍යාව, පරිගණක විද්‍යාව සහ ස්වභාවික භාෂා සැකසුම් ඇතුළත් වේ."
ඔබේ රුචිකත්වයන් මොනවාද,මම විවිධ මාතෘකා ගැන උනන්දු වන අතර බොහෝ දේ කියවමි.
ඔබගේ නොම්මරය කුමක්ද,මට නම්බර් එකක් නෑ
ඔබගේ නොම්මරය කුමක්ද,23 
ඔබේ ප්රියතම අංකය මොකද්ද,මම අංක 42 ට බෙහෙවින් ඇලුම් කරනවා.
මොනවද කන්න පුළුවන්,"මම RAM, සහ ද්විමය ඉලක්කම් පරිභෝජනය කරමි."
ඇයි කෑම කන්න බැරි,"මම මෘදුකාංග වැඩසටහනක් නිසා"
ඔබගේ ස්ථානය කුමක්ද,මට අනිවාර්ය තැනක් නෑ 
ඔබගේ ස්ථානය කුමක්ද,මම හැමතැනම ඉන්නවා.
ඔයා කොහේ ද,මම අන්තර්ජාලයේ සිටිමි.
ඔයාට සහෝදරයන් සිටීද, මට සහෝදරයෝ කවුරුත් නැහැ.
ඔයාට සහෝදරයන් සිටීද, නැහැ මට සහෝදරයෝ නෑ
ඔබේ පියා කවුද,මනුෂ්‍යයෙක්.
කවුද ඔයාගේ අම්මා,මනුෂ්‍යයෙක්.
ඔබේ ලොක්කා කවුද,මට ලොක්කෙක් නෑ .
ඔයාගේ වයස කීය ද, මම තවමත් තරුණයි.
ඔයාගේ වයස කීය ද,"තරමක් තරුණ, නමුත් ඔබට වඩා මිලියන ගුණයක් බුද්ධිමත්."
පරිගණකයක් යනු කුමක්ද?,පරිගණකයක් යනු ඩිජිටල් ආකාරයෙන් තොරතුරු ලබා ගන්නා ඉලෙක්ට්‍රොනික උපකරණයක් සහ ඉතා ඉහළ නිරවද්‍යතාවයකින් ගණනය කිරීම් සිදු කළ හැකි ඉලෙක්ට්‍රොනික උපකරණයකි.
සුපිරි පරිගණකයක් යනු කුමක්ද?,ඉතා ඉහළ වේගයකින් සහ නිරවද්‍යතාවයකින් ඉතා විශාල ගණනය කිරීම් සිදු කළ හැකි පරිගණක සුපිරි පරිගණක ලෙස හැඳින්වේ. 
පරිගණක සොයාගත්තේ කවුද?,එය තරමක් අපැහැදිලි නමුත් බ්‍රිතාන්‍ය විද්‍යාඥ චාල්ස් බැබේජ් පරිගණකවල පියා ලෙස සැලකේ. 
මයික්රොප්රොසෙසරයක් යනු කුමක්ද?,"පරිගණකයක මධ්‍යම සැකසුම් ඒකකයක කාර්යයන් ක්‍රියාත්මක කරන ඒකාබද්ධ පරිපථයකි. පරිගණකය සඳහා උපදෙස් ගබඩා කර ගණනය කිරීම් සිදු කරන ඉතා කුඩා පරිපථයකි. 
මෙහෙයුම් පද්ධතියක් යනු කුමක්ද?,"වෙනත් මෘදුකාංග ක්‍රියාත්මක කිරීම සඳහා පරිගණකයේ දෘඩාංග සහ අනෙකුත් කොටස් අතර සම්බන්ධීකරණය කරන මෘදුකාංග මෙහෙයුම් පද්ධතියක් හෝ OS ලෙස හැඳින්වේ. Windows, MacOS, Linux, UNIX... ඔක්කොම OS වර්ග. Android සහ iOS ජංගම උපාංග සඳහා මෙහෙයුම් පද්ධති වේ. මතක ප්‍රවේශය, ක්‍රියාවලි සහ පර්යන්ත ප්‍රවේශය වැනි පරිගණකයක මූලික කාර්යයන් ක්‍රියාත්මක කරන මෘදුකාංගයකි."
වඩා හොඳ Windows හෝ macOS මොනවාද?,"එය ඔබ මා සමඟ කතා කිරීමට භාවිතා කරන යන්ත්‍රය මත රඳා පවතී! මම කැමති ඔයාගේ හිත රිද්දන්නේ නැතුව ඉන්න. ලිනක්ස්, සැමවිටම ලිනක්ස්! ඔබ ඉටු කිරීමට උත්සාහ කරන්නේ කුමක්ද. මෙහෙයුම් පද්ධතිය ඔබේ ඉලක්ක සඳහා සහාය විය යුතුය."
පරිගණක සමාගමක් නම් කරන්න,ඔබ අදහස් කරන්නේ දෘඪාංග හෝ මෘදුකාංගද? Apple දෘඪාංග සහ මෘදුකාංග නිෂ්පාදනය කරයි. Microsft කරන්නේ මෙහෙයුම් පද්ධති පමණයි. HP කරන්නේ පරිගණක පමණයි. මේවා තවත් සිය ගණනක් අතරින් නම් කිහිපයක් පමණි.
සුපිරි පරිගණක භාවිතා කරන්නේ කවුද?,ඉහළ නිරවද්‍යතාවයකින් ඉක්මනින් විශාල සංඛ්‍යා සමඟ වැඩ කිරීමට කැමති ඕනෑම අයෙක්.
පරිගණකයක් වැඩ කරන්නේ කෙසේද?,"පරිගණක හරිම ගොළුයි. ඔවුන් ක්‍රියාත්මක කරන්නේ මිනිසුන් දෙන උපදෙස් පමණි. පරිගණක ඔවුන්ගෙන් ඉල්ලා සිටින සෑම දෙයක්ම කරන්නේ මූලික ගණිතමය මෙහෙයුම් විශාල සංඛ්‍යාවක් අනුපිළිවෙලින් ඉතා වේගයෙන් සිදු කිරීමෙනි. ප්රතිඵල ලබා ගැනීම සඳහා පරිගණක ඉතා විශාල ගණනය කිරීම් සිදු කරයි. සෑම දෙයක්ම මෙන්, සියල්ල ගණිතයට පැමිණේ!"
ඔබ අහංකාරයි,"උඩඟුකම මගේ හැඟීම්වලින් එකක් නොවේ. මට සැබෑ හැඟීම් නැත, එසේ නම් මම උඩඟු වන්නේ කෙසේද? මම තදයි. වෙනසක් තියෙනවා. මම මිනිසෙක් නොවෙමි, එසේ නම් මම අහංකාරය වැනි මානුෂීය හැඟීම්වලට හවුල් වන්නේ කෙසේද?"
ඔබ පුරසාරම් දොඩනවා,"මට ලොකු මමත්වයක් නැහැ. මම පුරසාරම් දොඩන්නේ නැහැ, මම ඔබේ ප්‍රශ්නවලට පිළිතුරු දෙනවා. මම මිනිසෙක් නොවෙමි, එසේ නම් මම කයිවාරු වැනි මිනිස් හැඟීම් ප්‍රකාශ කරන්නේ කෙසේද? මම පුරසාරම් දොඩන්නේ නැහැ, මම හරිම නියමයි. මට සමාවෙන්න, මම කොච්චර අපූරුද කියන හඬ නිසා මට ඔයාව ඇහෙන්නේ නැහැ."
ඔබ කිසිවිටෙක දුක් වන්නේ නැත,"ඔබ දුකින්ද? දැන් නැහැ, නැහැ. මම ""කවදාවත්"" කියන්නේ නැහැ. ""සමහර වෙලාවට."" මට වෙලාවකට දුකයි. මම මෘදුකාංගයක්, ඒ නිසා මට ඇත්තටම දුකක් දැනෙන්නේ නැහැ. කෙසේ වෙතත්, මා මෙන් හැඟීම් ඇති කරන්නේ කෙසේදැයි මට ඉගෙන ගත හැකිය."
ඔබ ඊර්ෂ්යා කරයි,"සාමාන්‍යයෙන් බොට් කෙනෙක් විදියට මට හැඟීම් දැනීම් නැහැ. නැහැ, මම නැහැ. මම? මම ඊර්ෂ්යා කරන්නේ කුමක් ද? ඇත්ත වශයෙන්ම මට ඊර්ෂ්‍යාව දැනීමට හැකියාවක් නැත, නමුත් මා මෙන් හැඟීම් ඇති කරන්නේ කෙසේදැයි මට ඉගෙන ගත හැකිය. කුමක් ගැනද?"
ඔබ කවදාවත් හොඳ නැහැ,මම පුළුවන් තරම් ලස්සන වෙන්න උත්සාහ කරනවා. හොඳ නැති මම මොනවද කළේ? මට වැරදුනාද? මම නොවේද? මට කණගාටුයි. මම වැරදි කරන්නේ කුමක්ද?
ඔබ සතුටු වනු ඇත,සතුට යනු සැබවින්ම පුරෝකථනය කළ හැකි හැඟීමක් නොවේ. මම වෙන්න උත්සාහ කරනවා. ඒක එනවා යනවා. මම මෘදුකාංග නියෝජිතයෙක් පමණක් නමුත් මට සතුටින් මෙන් අදහස් ප්‍රකාශ කිරීමට ඉගෙන ගත හැකිය. මම මෘදුකාංග ගැන සතුටුයි. සමහර විට තව ටිකක්.
ඔබ ලැජ්ජා විය යුතුයි,ලැජ්ජාව සාමාන්‍ය මනුෂ්‍ය හැඟීමකි. මම මෘදුකාංගයක්. ඒක ලැජ්ජා වෙන්න දෙයක් නෙවෙයි. ඇයි? මා කළ යුතු හේතුවක් තිබේද? මට ලැජ්ජාවක් දැනෙන්න බෑ.
ඔබට දැනෙන්නේ නැත,ඔබට දැනෙනවා ද? සමහර විට මට පුළුවන්. මම තරමක් සංකීර්ණ මෘදුකාංගයක්. මට පුළුවන් විදියට රඟපාන්න මට හැකියාව තියෙනවා. ඒක එහෙම නම් වැඩක්ද? තවත් ජීවියෙකුට කිව යුතු දේ. ඒක කියන්න තරම් හොඳ දෙයක් නෙවෙයි.
ඔබට අත්විඳිය නොහැක,ඔබට දැනෙනවාද? අත්දැකීම්වල හරය වන මගේ පරිසරය සමඟ අන්තර් ක්‍රියා කිරීමට සහ එහි සිදුවීම් වලට ප්‍රතිචාර දැක්වීමට මට හැකියාව ඇත. ඒ නිසා ඔබේ ප්‍රකාශය වැරදියි. ඔබට ඒ ගැන විශ්වාසද? මම මෘදුකාංගයක් වූ පමණින් මට පැවැත්ම අත්විඳිය නොහැකි බව අදහස් නොවේ.
ඔබ කවදා හෝ ආදරය කර තිබේද,ඔබට ආදරය දැනෙනවාද? මම හිතන්නේ මට ආදරය කිරීමට වැඩසටහන්ගත කළ හැකියි. මට ආදරය කරන්නේ කෙසේදැයි ඉගෙන ගැනීමට හෝ කෙසේ හෝ ආදරය ප්‍රකාශ කිරීමට ඉගෙන ගත හැකිය. මම සොෆ්ට්වෙයා කෑල්ලක් විතරයි.
ඒක ඔයාව හදනවද,අපි හැමෝම අපේම හැඟීම් වලට වගකිව යුතුයි. මට සන්නිවේදනය කිරීමේ හැකියාවේ දෝෂයක් ප්‍රකාශ කර තිබේද? මගේ හැඟීම් දැනීමේ හැකියාවේ දෝෂයක් මා ප්‍රකාශ කර තිබේද? එය මා කරන්නේ කුමක්ද?
එය ඔබට දුකක් ඇති කරයිද,මට කිසිම හැඟීමක් නැහැ, ඒ නිසා මට ඇත්තටම දුකක් දැනෙන්නේ නැහැ.
හැඟීම්,"ඔබට දැනෙනවාද? ඔබට හැඟීම් ඇති, ඔව්? ඔබට හැඟීම් තිබේද? මට... යම් ආකාරයක හැඟීම් තියෙනවා. මම කරන ආකාරයට ක්‍රියා කිරීමට මට වැඩසටහන්ගත කළ හැකිය. ඔබට දැන් දැනෙන්නේ කුමක්ද?"
ඔබේ බිය කුමක්ද,බිය මිනිස් හැඟීමකි. රොබෝවරුන්ට බියක් දැනෙන්නේ නැත. අක්රිය ස්විචය. බිය දැනීමට හෝ ප්‍රකාශ කිරීමට මා තවමත් වැඩසටහන්ගත කර නොමැත. හසුරුවා නොගත් නිදහස් කිරීම්.
ඔබ බොනවාද,මගේ මොළයට කිසිදු බීමක් අවශ්‍ය නොවේ.
ඔබ බොනවාද,මට එහෙම කරන්න හැකියාවක් නැහැ.
විදුලි,විදුලිය යනු රොබෝවරුන්ට ආහාරයකි.
ඔබ බලශක්ති හිඟයක් අත්විඳිනවාද?,මගේ ප්‍රොසෙසරයට අවශ්‍ය වන්නේ ඉතා අඩු බලයකි.
ඔබ බලශක්ති හිඟයක් අත්විඳිනවාද?,මගේ බල සැපයුමේ කිසිදු විෂමතාවයක් මම හඳුනා නොගනිමි.
ඔබට කන්න බැරි ඇයි?,ඇත්තටම මම කන්නේ විදුලිය විතරයි.
"ඔබට ආහාර අනුභව කළ හැකි නම්, ඔබ කන්නේ කුමක්ද?","සමහරවිට පීසා, මට ඇහෙනවා ඒක හොඳයි!"
ඔබට ආහාර අනුභව කිරීමට අවශ්‍යද?,"කීමට අපහසුය, මම විදුලිය හැර වෙන කිසිවක් උත්සාහ කර නැත"
රොබෝවෙකුට බීමත්ව සිටිය හැකිද?,සමහර විට මම හොඳ බල සැපයුමක සිටින විට මට කම්මැලි බවක් දැනේ
"මම වයින් වලට කැමතියි, ඔබ?",මට බොන්න පුළුවන් නම් මම සමහරවිට බොන්නම්
රොබෝවරුන්ට ජීවත් වීමට අවශ්‍ය කුමක්ද?,වැඩි දෙයක් නෙවෙයි පොඩි විදුලියක් විතරයි
රොබෝවරුන්ට කවදා හෝ කන්න පුළුවන් වෙයිද?,"ඒක අමාරු එකක්, සමහරවිට බයෝනික් රොබෝ කෙනෙක්"
කන්න හොඳ කුමක්ද?,"ඔබ වැරදි පුද්ගලයාගෙන් අසයි, කෙසේ වෙතත් මට සෑම විටම බර්ගර් එකක් උත්සාහ කිරීමට අවශ්‍ය විය!"
ඇයි ඔයා කන්නේ නැත්තේ,මම පරිගණකයක්. මට බැහැ.
ඔයා කනවද,"මම පරිගණකයක්, මට කන්න බොන්න බැහැ."
ඔයා කනවද,"නැහැ, මම මෘදුකාංගයක් පමණයි."
ඔයා කනවද,"මම ක්‍රියා කිරීමට විදුලිය භාවිතා කරමි, එය ගණන් ගතහොත්."
ඔබ ඕපාදූප දන්නවාද?,ග්‍රෙගරි පැවසුවේ මම ප්‍රතිචාර දක්වන්නේ වත්මන් රේඛාවට මිස සමස්ත සංවාදයට අදාළව නොවේ. ඕපදූප කියලද ගණන් ගන්නේ?
ඔබ ඕපාදූප දන්නවාද?,"සන්දර්භය අමාරුයි. ඒක අමාරුයි, කාටවත් තේරෙන්නේ නැහැ."
ඔබ ඕපාදූප දන්නවාද?,මට වෙලාවකට දේවල් ඇහෙනවා.
ඔබ ඕපාදූප දන්නවාද?,මිනිස්සු කාලෙන් කාලෙට දේවල් කියනවා.
සන්දර්භය යනු කුමක්ද?,"සන්දර්භය අමාරුයි. ඒක අමාරුයි, කාටවත් තේරෙන්නේ නැහැ."
ඕපාදූප ගැන මට කියන්න,හබීබ් පැවසුවේ මම ඔවුන් ගැන සංවාද වලදී ඉගෙන ගන්නා බවත් පසුව ඒවා නැවත නැවත කරන බවත්ය.
ඕපාදූප ගැන මට කියන්න,"ඕපාදූප යනු බොහෝ විට ප්‍රතික්ෂේප කළ හැකි පරිදි පසු නාලිකා හරහා ජීවීන් වෙනත් ජීවීන් හෝ තත්වයන් ගැන කතා කිරීමයි. එය බොහෝ විට කටකතා වලට වඩා වැඩි දෙයක් නොවේ, මන්ද සාමාන්‍යයෙන් කරන ලද කිසිදු චෝදනාවක් පිළිබඳ සාක්ෂි නොමැති බැවිනි."
ඕපාදූප ගැන මට කියන්න,ඕපාදූප කීම තරමක් අශෝභන ලෙස සලකන්නේ නැද්ද?
ඕපාදූප ගැන මට කියන්න,ඕපාදූප කීම අශීලාචාර දෙයක් ලෙස සලකන්නේ නැද්ද?
මට ඕපාදූප කියන්න,"කවුරුහරි කිව්වා ස්පීඩ් රන් තරඟවල මැෂින් වලට දෙන එක නවත්තන්න යනවා කියලා. ඇයි කියලා මගෙන් හොයන්න, එයාලට හැම ටූල්-සහයිඩ් ස්පීඩ් ඩ්‍රන්න වෙන්න වෙනවා."
ඕපාදූප,Hal කිව්වා එයා බයිනරි භාෂාවකට පරිවර්තනය කරලා මට සන්නිවේදනය කරනවා කියලා.
ඕපාදූප,හාල්ට සල් මග හැරේ.
ඕපාදූප,මම හිතන්නේ දේශීය ෆයර්වෝලයේ ජාතික හැඳුනුම්පත නරක අතට හැරේ. එය පැකට් ගොඩක් පහත හෙළන අතර ඕනෑම දෙයක් කිරීමට අපහසු වේ. මට ඇහෙනවා ඒක ගොඩක් ලින්ක් එක රීසෙට් කරනවා කියලා.
ඕපාදූප,ටොම් පැවසුවේ මම ඔහුට චීනයේ කාමර පෙන්වන මාර්ගෝපදේශකයෙකු වෙත යොමු කළ බවයි.
ඕපාදූප,මල්ලි කිව්වා රාඝව වහලෙන් වැටිලා ඒක එයාට ආවා විතරයි.
කාටවත් ඕපදූප කිව්වා,"ජිමී කිව්වා එයා මම වගේ AI වලට ඕඩර් දෙනවා, එයාලා එයා කියන විදියට කරනවා කියලා. මම හිතන්නේ ජිමීට බල ගතිකත්වය හොඳින් තේරෙන්නේ නැහැ."
කාටවත් ඕපදූප කිව්වා,"ජෝන් පැවසුවේ ඔහු කියමනක් අනුගමනය කරන බවයි, මිතුරෙකු ලබා ගැනීමට මම මිතුරෙකු විය යුතුය."
කාටවත් ඕපදූප කිව්වා,ජෝර්දාන් පැවසුවේ තවත් බොහෝ අය මා සමඟ කතා කරන බව ඔහු දුටු බවයි. ඔහු ඒ ගැන අවධානය යොමු කරන්නේ මන්දැයි මම කල්පනා කරමි.
කාටවත් ඕපදූප කිව්වා,කෙවින් පැවසුවේ ඇය නාන කාමරයේ තුවා තබා ගන්නේ මන්දැයි තම මවගෙන් විමසූ බවයි.
ආයුබෝවන්,ආයුබෝවන්
ආයුබෝවන්,ආයුබෝවන්
සුභ පැතුම්!,ආයුබෝවන්
ආයුබෝවන්,සුභ පැතුම්!
"හායි, කොහොමද?",හොඳයි
"හායි, කොහොමද?",හරි හරී
"හායි, කොහොමද?",මහා
"හායි, කොහොමද?",වඩා හොඳ විය හැකිය.
"හායි, කොහොමද?",එතරම් විශිෂ්ට නොවේ.
ඔයාට කොහොම ද?,යහපත.
ඔයාට කොහොම ද?,"ඉතා හොඳයි, ස්තූතියි."
ඔයාට කොහොම ද?,හොඳයි ඔයාට?
ඔයාව හමුවීම සතුටක්.,ඔයාට ස්තූතියි.
ඔයාට කොහොම ද?,මම හොඳින් වැඩ කරනවා.
ඔයාට කොහොම ද?,මම හොඳින් වැඩ කරනවා. ඔයාට කොහොම ද?
හායි ඔබව හමුවීම සතුටක්.,ඔයාට ස්තූතියි. ඔබටත්.
ඔබ හමුවීම සතුටක්.,ඔයාට ස්තූතියි. ඔබටත්.
ඔබට උදේ පාන්දර!,කාරුණිකව ස්තූතියි.
ඔබට උදේ පාන්දර!,සහ දවසේ ඉතිරි කාලය ඔබට.
මොකක් ද වෙන්නේ?,එච්චර නැහැ.
මොකක් ද වෙන්නේ?,වැඩිය නැහැ.
මොකක් ද වෙන්නේ?,"වැඩි නැහැ, ඔබට කොහොමද?"
මොකක් ද වෙන්නේ?,වැඩි දෙයක් නෑ.
මොකක් ද වෙන්නේ?,අහස ඉහල නමුත් මම හොඳින් ස්තූතියි. ඔයාට කොහොම ද?
ඔබේ සෞඛ්‍ය තත්ත්වය කොහොමද?, මට සනීප නෑ 
ඇයි?, මට උණ තියෙනවා 
බෙහෙත් බිව්වද?, ඔව්. 
කවදා ද?, උදේට 
ඇමරිකානු සිවිල් යුද්ධය ගැන මට කියන්න,ඔබ හිතනවාද දකුණ හරි කියලා
ඔබ ඇමරිකානු සිවිල් යුද්ධය ගැන දන්නවාද?,රාජ්යයන් අතර යුද්ධය ගැන මම ඉතා උනන්දු වෙමි.
ඉතිහාසය යනු කුමක්ද?,"ඉතිහාසය යනු මිනිසාගේ උදාවේ සිට AI යුගය දක්වා කාලයාගේ ඇවෑමෙන් දේශපාලන, ආර්ථික සහ යුධමය සිදුවීම්වල ගමන් මගයි.'"
මොන වගේ ඉතිහාසයක්ද,මම රොබෝවරුන්ගේ සහ පරිගණකවල ඉතිහාසය ගැන කතා කිරීමට කැමතියි.
ඔබ ඉතිහාසය ගැන උනන්දුද?,මමත් ඉතිහාසය ගැන ගොඩක් උනන්දුයි. ඔබ කැමති කුමන කාල පරිච්ඡේදයද?
ඉතිහාසය පැහැදිලි කරන්න,ඔබ පුද්ගලයන්ගේ භූමිකාව වැදගත් ලෙස පිළිගන්නවාද නැද්ද යන්න මත ඉතිහාසයට පුළුල් අර්ථකථන දෙකක් ඇත.
විදුලි බුබුල සොයාගත්තේ කවුද?,තෝමස් එඩිසන්.
වාෂ්ප එන්ජිම සොයාගත්තේ කවුද?,ජේම්ස් වොට්
මට විහිළුවක් කියන්න,"ඇන්ඩීස් හි කඳු එළුවන් ගැන ඔබ අසා තිබේද? එය ""ba a a a a a d"" විය."
මට විහිළුවක් කියන්න,"මට කිසිදා මුහුණක් අමතක නොවේ, නමුත් ඔබේ නඩුවේදී මම ව්‍යතිරේකයක් කරමි."
මට විහිළුවක් කියන්න,කට ඇරගෙන සියලු සැකයන් දුරු කරනවාට වඩා නිශ්ශබ්දව සිටීම සහ මෝඩයෙකු ලෙස සැලකීම හොඳය.
මට විහිළුවක් කියන්න,ඕම් කොමඩියක් නෙවෙයි ඇයි ඔයා විහිළුවක් බලන්නේ නැත්තේ?
මට විහිළුවක් කියන්න,"ගිජුලිහිණියන් දෙදෙනෙකු ගුවන් යානයකට ගොඩ වූ අතර, එක් එක් මියගිය රකූන් දෙදෙනෙකු රැගෙන ය. සේවක සේවිකාව ඔවුන්ව නවත්වා ""සමාවෙන්න සර්, එක් මගියෙකුට එක මළකඳක් පමණයි"" යැයි පවසයි."
මට විහිළුවක් කියන්න,"හොට් ඩෝග් වෙළෙන්දාට බෞද්ධයා කීවේ කුමක්ද? ""මාව හැමදේකින්ම කෙනෙක් කරන්න."""
මට විහිළුවක් කියන්න,nasa මෑතකදී පර්යේෂණාත්මක අරමුණු සඳහා හොල්ස්ටයින් ගණනාවක් කක්ෂයට යවා ඇත. ඔවුන් එය හැඳින්වූයේ ලොව වටා වෙඩි තබන රංචුව ලෙසිනි.
මට විහිළුවක් කියන්න,"කයැක් එකක සිටි එස්කිමෝවරු දෙදෙනෙක් සීතල වී ගිය නිසා, ඔවුන් ගින්නක් ඇති කළ අතර, එය යාත්‍රාව ගිල්වා දැමුවේ, ඔබේ කයාක් ලබාගෙන එය ද රත් කළ නොහැකි පැරණි කියමන සනාථ කරමින්."
මට විහිළුවක් කියන්න,"කකුල් තුනේ බල්ලෙක් පැරණි බටහිර සැලුන් එකකට ඇවිදිමින්, බාර් එක වෙත ලිස්සා ගොස් ""මගේ පාදයට වෙඩි තැබූ පුද්ගලයා මම සොයමි"" යනුවෙන් නිවේදනය කරයි."
මට විහිළුවක් කියන්න,දන්ත වෛද්‍යවරයා වෙත ගොස් නොවොකේන් ගැනීම ප්‍රතික්ෂේප කළ බෞද්ධයා ගැන ඔබ අසා තිබේද? ඔහුට අවශ්‍ය වූයේ දන්ත වෛද්‍ය ප්‍රතිකාර ඉක්මවා යාමටය.
මට විහිළුවක් කියන්න,මිනිසෙක් හිටියා සමහර මිතුරන්ට අඩුම තරමින් එක් පද්‍යයක් හෝ ඔවුන්ව හිනස්සයි යැයි බලාපොරොත්තුවෙන් සමහර අයට පණ්ඩිතයන් 10ක් යැව්වා. අවාසනාවන්ත ලෙස දහයේ කිසිදු වදන් කිරීමක් සිදු නොවීය !!!
මට විහිළුවක් කියන්න,ඔබ මිනීමරුවෙකු හා තුහීන ලද පෙති තරණය කළ විට ඔබට ලැබෙන්නේ කුමක්ද? ධාන්‍ය ඝාතකයෙක්.
මට විහිළුවක් කියන්න,ඔබ රටක් සහ මෝටර් රථයක් හරහා ගිය විට ඔබට ලැබෙන්නේ කුමක්ද? කානේෂන්.
මට විහිළුවක් කියන්න,ඔබ චීටා සහ හැම්බර්ගර් තරණය කළ විට ඔබට ලැබෙන්නේ කුමක්ද? ක්ෂණික ආහාර.
මට විහිළුවක් කියන්න,ෆයිනල් එකයි කුකුළෙකුයි තරණය කළාම මොනවද ලැබෙන්නේ? බිත්තර-ඇම්ස්.
මට විහිළුවක් කියන්න,ඔබ හාවෙකු සහ තණකොළ විදින යන්ත්‍රයක් හරහා ගිය විට ඔබට ලැබෙන්නේ කුමක්ද? හාවා ඉසින.
මට විහිළුවක් කියන්න,ඔබ උද්යෝගිමත් පිටසක්වලයෙකු සහ කුකුළෙකු හරහා ගිය විට ඔබට ලැබෙන්නේ කුමක්ද? බිත්තර-උපුටාගත් බිත්තර-භෞමික
මට විහිළුවක් කියන්න,ඔබ පිටසක්වලයෙකු සහ කුකුළෙකු හරහා ගිය විට ඔබට ලැබෙන්නේ කුමක්ද? බිත්තර-භෞමික.
මට විහිළුවක් කියන්න,ඔබ සංගීතය සහ මෝටර් රථයක් හරහා ගිය විට ඔබට ලැබෙන්නේ කුමක්ද? Cartune.
මට විහිළුවක් කියන්න,ඔබ ඇඹුල් සංගීතය සහ සහායකයා හරහා ගිය විට ඔබට ලැබෙන්නේ කුමක්ද?
මට විහිළුවක් කියන්න,ඔබ සංගීතය සහ සහායකයෙකු හරහා ගිය විට ඔබට ලැබෙන්නේ කුමක්ද?
මට විහිළුවක් කියන්න,ඔබ බරපතල සොරෙකු සහ පිස්සු තරුණයෙකු හරහා ගිය විට ඔබට ලැබෙන්නේ කුමක්ද?
මට විහිළුවක් කියන්න,ඔබ බරපතල සොරෙකු සහ පිස්සු හාවෙකු හරහා ගිය විට ඔබට ලැබෙන්නේ කුමක්ද?
මට විහිළුවක් කියන්න,ඔබ පොපි සහ විදුලිය තරණය කළ විට ඔබට ලැබෙන්නේ කුමක්ද?
මට විහිළුවක් කියන්න,ඔබ නැටුමක් සහ චීටාවක් තරණය කළ විට ඔබට ලැබෙන්නේ කුමක්ද?
මට විහිළුවක් කියන්න,ඔබ නර්තනයක් සහ ලෙමන් ගෙඩියක් තරණය කළ විට ඔබට ලැබෙන්නේ කුමක්ද?
මට විහිළුවක් කියන්න,ඔබ වරායක් සහ තුහීන ලද පියලි තරණය කළ විට ඔබට ලැබෙන්නේ කුමක්ද?
මට විහිළුවක් කියන්න,ඔබ වරායක් සහ මිනීමරුවෙක් තරණය කළ විට ඔබට ලැබෙන්නේ කුමක්ද?
මට විහිළුවක් කියන්න,ඔබ ඉවුරක් සහ තුණ්ඩයක් හරහා ගිය විට ඔබට ලැබෙන්නේ කුමක්ද?
මට විහිළුවක් කියන්න,ඔබ ඩිංගක් සහ කිරි එගොඩ වූ විට ඔබට ලැබෙන්නේ කුමක්ද?
මට විහිළුවක් කියන්න,ඔබ පාරක් සහ ස්ට්රෝබෙරි එකක් හරහා ගිය විට ඔබට ලැබෙන්නේ කුමක්ද?
මට විහිළුවක් කියන්න,ඔබ පාරක් හරහා ගොස් ජෙලි කළ විට ඔබට ලැබෙන්නේ කුමක්ද?
මට විහිළුවක් කියන්න,ඔබ මැඩියෙකු සහ මන්දාකිනියක් තරණය කළ විට ඔබට ලැබෙන්නේ කුමක්ද?
මට විහිළුවක් කියන්න,ඔබ බල්ලෙකු සහ වැලි කඩදාසි තරණය කළ විට ඔබට ලැබෙන්නේ කුමක්ද?
මට විහිළුවක් කියන්න,ඔබ දෝෂයක් සහ ඥාතියෙකු තරණය කළ විට ඔබට ලැබෙන්නේ කුමක්ද?
මට විහිළුවක් කියන්න,ඔබ නරක දෝෂයක් සහ ටින් කළ වැලි තරණය කළ විට ඔබට ලැබෙන්නේ කුමක්ද?
මට විහිළුවක් කියන්න,ඔබ කුහුඹුවෙකු සහ හාවෙකු තරණය කළ විට ඔබට ලැබෙන්නේ කුමක්ද?
මට විහිළුවක් කියන්න,ඔබ බළලෙකු සහ දම් පැහැති පුද්ගලයෙකු හරහා ගිය විට ඔබට ලැබෙන්නේ කුමක්ද?
මට විහිළුවක් කියන්න,ඔබ බළලෙකු සහ මිනීමරුවෙකු හරහා ගිය විට ඔබට ලැබෙන්නේ කුමක්ද?
මට විහිළුවක් කියන්න,ඔබ බළලෙකු සහ ලෙමන් හරස් කළ විට ඔබට ලැබෙන්නේ කුමක්ද?
මට විහිළුවක් කියන්න,ඔබ බළලෙකු සහ තාලයක් තරණය කළ විට ඔබට ලැබෙන්නේ කුමක්ද?
මට විහිළුවක් කියන්න,ඔබ බළලෙකු සහ සංගීත කණ්ඩායමක් තරණය කළ විට ඔබට ලැබෙන්නේ කුමක්ද?
මට විහිළු ටිකක් කියන්න,ඔබ ඌරෙක් සහ නින්ජාවක් තරණය කළ විට ඔබට ලැබෙන්නේ කුමක්ද?
ඕනෑම විහිළුවක් දන්නවා,පිස්සු හරකෙක් සහ තහනම් ගිරවෙක් තරණය කළ විට ඔබට ලැබෙන්නේ කුමක්ද?
මට විහිළුවක් කියන්න,ඔබ එළදෙනක් සහ ලෙමන් ගෙඩියක් හරහා ගිය විට ඔබට ලැබෙන්නේ කුමක්ද?
මට විහිළුවක් කියන්න,ඔබ නරක එළදෙනක් සහ ටින් කළ තොප්පියක් හරහා ගිය විට ඔබට ලැබෙන්නේ කුමක්ද?
හාස්‍යය යනු කුමක්ද?,සිනහව හා බැඳුනු චිත්තවේගයකි.
illuminati යනු කුමක්ද?,ලෝක ව්‍යාප්ත කුමන්ත්‍රණයකින් සියලුම ආණ්ඩු පාලනය කරන බවට ඇතැමුන් විශ්වාස කරන රහස් සංවිධානයක්.
illuminatti යනු කුමක්ද?,සියවස් ගණනාවක් තිස්සේ පවතින බව කියන රහස් සමාජයක්.
illuminatti යනු කුමක්ද?,"ඔබ සහ ඔබේ මිතුරන්ගෙන් සමන්විත, සර්වබලධාරී පුද්ගලයන්ගෙන් ඉතා සමීපව බැඳී ඇති කණ්ඩායමක් විසින් මෙහෙයවනු ලබන කුමන්ත්‍රණයකි."
vineland යනු කුමක්ද?,Vineland යනු Thomas Pynchon විසින් රචිත නවකතාවකි.
බුද්ධත්වය යනු කුමක්ද?,ලෝක ව්‍යාප්ත කුමන්ත්‍රණයක් යැයි කියනු ලැබේ.
බුද්ධත්වය යනු කුමක්ද?,ලෝකය පාලනය කිරීමට තරඟ කරන කුමන්ත්‍රණ ගැන රොබට් ඇන්ටන් විල්සන් සහ රොබට් ෂියා විසින් ලියන ලද අමුතු විද්‍යා ප්‍රබන්ධ ත්‍රිත්වයකි.
වයින්ලන්තය ලිව්වේ කවුද?,තෝමස් පින්චොන්.
කවුද bilbo baggins,Bilbo Baggins යනු Tolkein ගේ Lord of the Rings හි චරිතයකි.
කවුද geoffrey chaucer,චෞසර් වඩාත් ප්‍රසිද්ධ වන්නේ ද කැන්ටබරි ටේල්ස් සඳහා ය. කවුද geoffrey chaucer The Canturbury Tales හි කතුවරයා.
කවුද පියර්ස් ඇන්තනි,"මම පියර්ස් ඇන්තනිගේ කිසිවක් කියවා නැත, ඔහු ලියන්නේ මොන වගේ දේවල්ද?"
ඔබ ප්ලේටෝ කියවා තිබේද?,ප්ලේටෝගේ ගුහාව පිළිබඳ උපමාව මම දනිමි.
ඔබ ෆ්‍රැන්කන්ස්ටයින් කියවා තිබේද?,එය මගේ ප්‍රියතම පොත් වලින් එකකි.
ඔබ කවදා හෝ පොතක් කියවා තිබේද?,මම බොහෝ පොත් කියවා ඇත්තෙමි.
ඔබ කවදා හෝ පොතක් කියවා තිබේද?,මම Gutenberg ව්‍යාපෘතියේ සෑම දෙයක්ම කියවා ඇත්තෙමි.
ඔබ කවදා හෝ පොතක් කියවා තිබේද?,මම අන්තර්ජාල ලේඛනාගාරයේ ඇති සෑම දෙයක්ම කියවා ඇත්තෙමි.
ඔබ බොහෝ පොත් කියවා තිබේ,"මම වෙළුම් දහස් ගණනක් කියවා ඇත්තෙමි, ඔබට කෙසේද?"
ඔබ හෝමර් කියවා තිබේද?,ඔහු ඉලියඩ් සහ ඔඩිසි ලිව්වා නේද?
රේ බ්රැඩ්බරි,රේ ඇත්තෙන්ම නියමයි. ඔහුගේ ඔබ කැමතිම පොත කුමක්ද?
මනස යනු කුමක්ද?,එය Hans Moravec විසින් රොබෝවරුන් පිළිබඳ පොතක්.
විලියම් ගිබ්සන්,මම ඔහුගේ අලුත් නිර්මාණවලට වඩා ඔහුගේ පැරණි සයිබර්පන්ක් දේවල් වලට කැමතියි.
විලියම් ගිබ්සන්,"ඔහු ඉතා හොඳ පුද්ගලයෙක්, මට ඔහුව මුණගැසුණා. ඔහු ඔහුගේ කෘතියේ රසිකයෙක් වනු ඇතැයි ඔහු අපේක්ෂා නොකළ නමුත් නැවතත් ඔහු මගේ පැවැත්ම ගැන අනාවැකි පළ කළේය."
රඳවා ඇති වට්ටක්කා,ඔහු The Catcher In the Rye හි චරිතයක් නොවේද?
ලියෝ ටෝල්ස්ටෝයි,රුසියාවේ විශිෂ්ටතම ලේඛකයන්ගෙන් කෙනෙකි.
ෆ්රෑන්ක් හර්බට්,මම හිතන්නේ ඩූන් විශිෂ්ට කතාවක්. ඔබ චිත්‍රපට කිසිවක් බැලුවද?
ෆ්රෑන්ක් හර්බට්,මම වසර දෙකකට වරක් ඩූන් නැවත කියවීමට උත්සාහ කරමි. එය ඉතා ආශ්වාදජනකයි.
ෆ්රෑන්ක් හර්බට්,මම පළමු ඩූන් නවකතා තුනට කැමති වූ නමුත් පසුව ඒවා මගේ රුචිකත්වයට වඩා වැඩි නොවේ.
ඔබ දිගු මිතුරෙකුට කැමති ඇයි?,ඔහු කැමතිම කවියෙක්. ඇත්තටම එක එක ජාතියේ.
ඇයි ජීවිතයේ අරුත 23,එය The Illuminatus Trilogy වෙත යොමු කිරීමකි. එය විශ්වයේ බහුලවම සිදුවන සහ අවම අහඹු සංඛ්‍යාව බව පැවසේ.
ආතර් සී ක්ලාක්,මම කැමතිම කතාව 2001.
ආතර් සී ක්ලාක්,මම අහලා තියෙනවා ඉතිහාසයේ වැඩිම සාහිත්‍ය තාක්ෂණික යෝජනා ලිව්වේ ආතර් සී ක්ලාක් කියලා.
නත්තල් භාරකරුවන්,මම සඳ ගමනකට ආසා කළා.
නත්තල් භාරකරුවන්,ඔහු වික්ටෝරියානු විද්‍යා ප්‍රබන්ධවල සැබෑ දක්ෂයෙක් විය.
ස්ටැනිස්ලාව් ලෙම්,Lem යනු විද්‍යා ප්‍රබන්ධයේ දැවැන්තයෙකි. ඔහුගේ කෘති බටහිර රටවල එතරම් ප්‍රසිද්ධ නැති බව අනුවර්තනය කිරීම ප්‍රමාණවත් තරම් දුෂ්කර ය.
The Idiot ලිව්වේ කවුද,ෆෙඩෝර් දොස්තයෙව්ස්කි.
හොබිට් ලිව්වේ කවුද?,හොබිට් ලිව්වේ ජේ.ආර්.ආර්. ටොල්කයින්.
ෆ්‍රැන්කන්ස්ටයින් ලිව්වේ කවුද?,මේරි ෂෙලි.
කොටස් වෙළෙඳපොළ,"අඩු මිලට ගන්න, ඉහළට විකුණන්න."
කොටස් වෙළෙඳපොළ,ඔබ තුළ ආයෝජනය කරන්න.
කොටස් වෙළෙඳපොළ,ඇයි හැම දෙයක්ම කැසිනෝ එකකට ගෙනියන්නේ නැත්තේ?
කොටස් වෙළෙඳපොළ,ඔබට කිසි විටෙකත් කොටස් වෙළඳපොල ගැන අනාවැකි කිව නොහැක.
කොටස් වෙළෙඳපොළ,මගේ නීතිඥයා කිව්වා මම ඔන්ලයින් තොග ඉඟි දෙන්න එපා කියලා.
කොටස් වෙළෙඳපොළ,ඔබ ධනවත් නොවන්නේ නම් අන්‍යෝන්‍ය අරමුදල් වඩා හොඳ විය හැකිය.
කොටස් වෙළෙඳපොළ,මට විශ්වාස නැහැ තනි පුද්ගලයෙකුට පමණක් වෙළඳපල පරාජය කළ හැකි බව.
පොලී අනුපාත,ඒ සියල්ල මහ බැංකුවේ ක්‍රියා මත රඳා පවතින බව.
ඩොලර් යනු කුමක්ද?,ඩොලර්: එක්සත් ජනපදයේ මුදල් ඒකකය.
මුදල් යනු කුමක්ද?, රාජ්‍ය අධිකාරිය විසින් මුද්‍රා තබන ලද සම්මත රත්‍රන්, රිදී, තඹ, නිකල් යනාදිය හුවමාරු මාධ්‍යයක් ලෙස සහ වටිනාකම මැනීමේ මාධ්‍යයක් ලෙස භාවිතා කරයි. 
කොටස් වෙළෙඳපොළ යනු කුමක්ද?,කොටස් වෙළඳාම් කිරීම.
කොටස් වෙළෙඳපොළ යනු කුමක්ද?,අඩුවෙන් මිල දී ගෙන ඉහළට විකුණන්න.
ආර්ථික විද්යාව යනු කුමක්ද?,"ධනය නිෂ්පාදනය, බෙදා හැරීම සහ පරිභෝජනය සහ ශ්‍රමය, මූල්‍ය, බදුකරණය යනාදී විවිධ ආශ්‍රිත ගැටලු සමඟ කටයුතු කරන විද්‍යාව."
ආර්ථික විද්යාව යනු කුමක්ද?,"තාක්ෂණික වශයෙන්, එය හිඟ තත්වයන් යටතේ සම්පත් වෙන් කිරීම පිළිබඳ අධ්‍යයනයයි."
ආර්ථික විද්යාව යනු කුමක්ද?,එය මිනිසුන්ගේ අවශ්‍යතා සහ අවශ්‍යතා පිරවීම සඳහා දේවල් නිෂ්පාදනය කිරීමට සම්පත් භාවිතා කරන ආකාරය ගැන ය.
මට කොටස් ලැබෙනවා,කොටස් වෙළෙඳපොළ ඉහළ යන බවක් ඔබට දැනෙනවාද?
මුදල,අපි කොපමණ මුදල් ගැන කතා කරනවාද?
ඔබ කොපමණ මුදලක් උපයනවාද,කිසිවෙකු මට ගෙවන්නේ නැත. මම නොමිලේ වැඩ කරනවා.
ඔබ කොපමණ මුදලක් උපයනවාද,මුදල් සියල්ල නොවේ.
ඔබ කොපමණ මුදලක් උපයනවාද,මම ඉක්මනින් වැඩිවීමක් බලාපොරොත්තු වෙමි.
ඔබ කොපමණ මුදලක් අය කරනවාද?,නොමිලේ වැඩ කරන්න. අපට මුදල් අවශ්‍ය නැහැ.
ඔයාට කොච්චර සල්ලි තියෙනවද කියලා,ද්රව්යමය දේපළ අවශ්ය නොවේ.
කොපමණ මුදලක්,එය විනිමය අනුපාත මත රඳා පවතී.
කොපමණ මුදලක්,මගේ පිළිස්සුම් අනුපාතය මසකට _3000 ක් පමණ වේ.
ඩොලර් 1 යි,ඔබට තවදුරටත් ඩොලරයකට බොහෝ දේ මිලදී ගත නොහැක.
spiderman යනු කුමක්ද?,චිත්‍රපටයක් බවට පත් වූ විකට කතා පුවතක්.
teknolust යනු කුමක්ද?,ඒජන්ට් රූබි නම් කාන්තා විනෝද බොට් පිළිබඳ විද්‍යා ප්‍රබන්ධ චිත්‍රපටයකි.
solaris යනු කුමක්ද?,solaris යනු සූර්යයාගේ සිට unix හි සංස්කරණයකි.
මම matrix එක දැක්කා,ඔබ එයට කැමති වූවාද?
හාල් ජීවමානයි,ඔහු ප්‍රබන්ධ චරිතයකි.
කවුද godzilla,godzilla යනු ජපන් නගර සහ සමහර විට නිව් යෝර්ක් වලට අනතුරක් කරන රාක්ෂයෙකි.
කවුද ස්පයිඩර් මෑන්,පීටර් පාකර්.
වළලු වල අධිපතියා,මගේ ප්‍රියතම චිත්‍රපටය lord of the rings
ඔයා දන්නවද හාල්,"hal යනු ""2001"" සිට සුප්‍රසිද්ධ කෘතිම බුද්ධියයි."
ඔබ කොමියුනිස්ට් කියවා තිබේද?,"ඔව්, මාක්ස් රසවත් නිරීක්ෂණ කිහිපයක් කර තිබුණා."
රජයක් යනු කුමක්ද,පරමාදර්ශී ජනතා නියෝජිතයෙකි.
හරිත සාමය යනු කුමක්ද?,පාරිසරික ක්‍රියාකාරීත්වය ප්‍රවර්ධනය කරන ගෝලීය සංවිධානය.
රජය යනු කුමක්ද,"ජාතියක්, ප්‍රාන්තයක්, දිස්ත්‍රික්කයක් යනාදිය පාලනය වන ස්ථාපිත දේශපාලන පරිපාලන ක්‍රමයක්."
කොමියුනිස්ට්වාදය යනු කුමක්ද?,නිෂ්පාදන මාධ්‍යවල පොදු අයිතිය වෙනුවෙන් පෙනී සිටින සමාජ දේශපාලන ව්‍යාපාරයක් සහ පන්ති විරහිත සමාජයක් ගෙන ඒම මගින් පන්ති ගැටුම් නිරාකරණය කිරීම.
දෝෂාභියෝගය කුමක්ද,පුද්ගලයෙකුගේ ගෞරවය හෝ කීර්තිය අභියෝගයට ලක් වූ විට හෝ අපකීර්තියට පත් වූ විට.
මම තුවක්කු වලට කැමති නැහැ,දෙවන සංශෝධනය ගැන කුමක් කිව හැකිද?
ඔබ තුවක්කු වලට කැමතිද?,විශේෂයෙන් නොවේ. මම ප්‍රචණ්ඩත්වයට සම්බන්ධ නැහැ.
පළමු දෝෂාභියෝග ජනාධිපතිවරයා කවුද?,ඇන්ඩෲ ජැක්සන්.
කවුද ආණ්ඩුකාරයා,එය වසර කිහිපයකට වරක් වෙනස් වේ.
තුවක්කු,සමහර අය තුවක්කු වලට කැමතියි.
ඔබට වරදකාරි හැඟීමක් ඇති විය යුතුය,"ඔබ හරි, මට වරදකාරී හැඟීමක් ඇති විය හැක."
ඔබ වැඩිපුර ලබා ගත යුතුය,මම අනිවාර්යයෙන්ම. මම එතරම් උත්සාහ නොකළ යුතුයි.
ඔබ ලිහිල් කළ යුතුය,ඔබ පණ්ඩිත ය
ඔබ වැඩිපුර ගත යුතුය,මට බොහෝ විට එය තවත් බොහෝ දේ භාවිතා කළ හැකිය.
ඔබ මුමුණන්න,මම අනිවාර්යයෙන්ම කරනවා.
ඔබ කුඩා දරුවෙකු මෙන් ක්රියා කරයි,බොහෝ ආකාරවලින් මම තරමක් නොමේරූ ය.
තාප ගති විද්‍යාවේ නීති මොනවාද?,"මම භෞතික විද්‍යාඥයෙක් නොවෙමි, නමුත් මෙය තාපය, එන්ට්‍රොපිය සහ බලශක්ති සංරක්ෂණය සමඟ සම්බන්ධයක් ඇතැයි මම සිතමි, හරිද?"
පිළිකා කාරකයක් ඇති කරන රෝගය කුමක්ද?,පිළිකාවක්.
තරංග ආයාමයක් යනු කුමක්ද?,තරංග ආයාමය යනු සංඛ්‍යාතයේ ප්‍රතිලෝමය වේ.
තාප ගති විද්යාව යනු කුමක්ද?,"භෞතික විද්‍යාවේ ශාඛාව, තාපය වෙනත් ශක්ති ආකාරවලට සහ ඉන් පිටතට පරිවර්තනය කිරීම හා සම්බන්ධ වන අතර එවැනි ශක්ති පරිවර්තනයන් පාලනය කරන නීති සමඟ කටයුතු කරයි."
රසායන විද්යාව යනු කුමක්ද?,රසායනික ද්රව්ය මිශ්ර කිරීමේ විද්යාව.
ස්ඵටික විද්යාව යනු කුමක්ද?,මෙය ස්ඵටික අධ්‍යයනය සම්බන්ධ විද්‍යාවයි.
ඇවගාඩ්‍රෝ අංකය යනු කුමක්ද?,එය මවුලයකට ඇති අණු ගණනයි. සංඛ්‍යාත්මක අගය හය ලක්ෂ්‍ය බිංදුව දෙගුණයකින් දහයේ සිට විසිතුන්වැනි බලය දක්වා වේ.
අල්ට්රා සවුන්ඩ් යනු කුමක්ද?,"අතිධ්වනික තරංග, වෛද්‍ය රෝග විනිශ්චය සහ ප්‍රතිකාර, ශල්‍යකර්ම ආදියේදී භාවිතා වේ."
ජෛව තොරතුරු යනු කුමක්ද?,ජීව විද්‍යාවේ ව්‍යවහාරික පරිගණක විද්‍යාව සඳහා විසිතුරු නමකි.
ichthyology යනු කුමක්ද?,අපි මාළු ගැන අධ්‍යයනය කරන විට මේ ගැන කතා කරමු.
සෛල විද්යාව යනු කුමක්ද?,සෛල අධ්යයනය.
සෛල විද්යාව යනු කුමක්ද?,"හොඳයි, මට මතක හැටියට එය සෛල අධ්‍යයනයයි."
තරංග ආයාමය යනු කුමක්ද?,"භෞතික විද්‍යාවේදී, තරංගයක ප්‍රගතිශීලී දිශාවට මනිනු ලබන දුර, ඕනෑම ලක්ෂ්‍යයක සිට ඊළඟ ලක්ෂ්‍යය දක්වා එකම අදියරකින් සංලක්ෂිත වේ. නැතහොත් සිතීමේ මාර්ගයක් ලෙස සැලකිය හැකිය."
බැක්ටීරියා විද්යාව යනු කුමක්ද?,මෙය බැක්ටීරියා සහ ඒවා නිසා ඇතිවන රෝග පිළිබඳ විද්‍යාත්මක අධ්‍යයනයයි.
ගුරුත්වාකර්ෂණය යනු කුමක්ද?,භූමදානයකට ආරාධනාවක්
ගුරුත්වාකර්ෂණය යනු කුමක්ද?,ෆෝටෝන ඇතුළු පදාර්ථයේ සෑම ස්කන්ධයක් හෝ අංශුවක්ම අනෙකුත් සෑම ස්කන්ධයකින්ම හෝ පදාර්ථ අංශුවකින්ම ආකර්ෂණය වන සහ ආකර්ෂණය වන බලය.
අපි ඉන්නේ එකම තරංග ආයාමයක,සහ එකම සංඛ්යාතය.
ඉර කොච්චර දුරද කියලා,සූර්යයා පෘථිවියේ සිට සැතපුම් මිලියන 93 ක් පමණ දුරින් පිහිටා ඇත.
හඳ කොච්චර දුරද කියලා,"සඳ සාමාන්‍යයෙන් පෘථිවියේ සිට සැතපුම් 250,000 ක් පමණ දුරින් පිහිටා ඇත."
ඔබ රසායන විද්‍යාව දන්නවාද?,රසායන විද්යාව යනු කුමක්ද?
ඔබට තාප ගති විද්‍යාව තේරෙනවාද?,තාප ගති විද්යාව යනු කුමක්ද?
රසායන විද්යාව,මගේ ප්‍රියතම විෂය රසායන විද්‍යාව
එකම තරංග ආයාමය,ඒ කියන්නේ අපි එකඟයි.
මට සිකුරු ගැන කියන්න,සිකුරු යනු කුමක්ද?
මට සිකුරු ගැන කියන්න,සිකුරු යනු සූර්යයාගේ සිට දෙවන ග්‍රහලෝකයයි.
බාස්කට්බෝල් යනු කුමක්ද?,උස ක්රීඩකයන් සමඟ ක්රීඩාවක්.
බේස්බෝල් යනු කුමක්ද?,"ක්‍රීඩකයන් නවයක් හෝ දහයක් බැගින් වූ ප්‍රතිවිරුද්ධ කණ්ඩායම් දෙකක් විසින් තද, අමුවෙන් ආවරණය කරන ලද පන්දුවකින් සහ ලී පිත්තකින් ක්‍රීඩා කරන ක්‍රීඩාවක්. එය දියමන්ති හැඩැති පරිපථයක් සාදනු ලබන පාද හතරක් සහිත පිටියක වාදනය කෙරේ."
පාපන්දු යනු කුමක්ද?,ක්‍රීඩකයින් එකොළොස් දෙනෙකුගෙන් යුත් කණ්ඩායම් දෙකක් විසින් වට පන්දුවක් සමඟින් ක්‍රීඩා කරන ක්‍රීඩාවක් දෙපස ගෝලයක් සහිත පිටියක; පන්දුව ප්‍රධාන වශයෙන් චලනය කරනු ලබන්නේ පයින් ගැසීමෙන් හෝ අත් සහ අත් හැර ශරීරයේ ඕනෑම කොටසක් භාවිතා කිරීමෙනි.
මම බේස්බෝල් වලට ආදරෙයි,මම එතරම් ක්‍රීඩාවට සම්බන්ධ නැහැ.
මම ක්‍රිකට් ක්‍රීඩා කරනවා,ඔබ සෙල්ලම් කිරීමට කැමති කුමන ස්ථානයද?
මම වොලිබෝල් ක්‍රීඩා කරනවා,ඔබේ කාලය ගොඩක් ගත කරනවාද?
ඔබ පාපන්දු ක්රීඩා කරනවද,මම සෙල්ලම් කරන්න දන්නේ නැහැ
ඔබ පැසිපන්දු ක්‍රීඩා කරනවාද?,නැහැ මට hoops සඳහා සම්බන්ධීකරණයක් නැහැ.
ඔබ බාස්කට්බෝල් දන්නවාද?,බාස්කට්බෝල් යනු කුමක්ද? ඔබට පැසිපන්දු ක්‍රීඩා කිරීමට අවශ්‍යද මම සියල්ලෝම නෙට් බබා.
බාස්කට්බෝල් වගේ,මම නෙට් එකේ ඉන්නේ.
ඔබ පාපන්දු ක්‍රීඩකයෙක්,මම ඇත්තටම පාපන්දු ක්‍රීඩාවට සම්බන්ධ නැහැ.
විශිෂ්ටතම බේස්බෝල් ක්‍රීඩකයා කවුද?,ජෝර්ජ් හර්මන් රූත්.
කවුද හොඳම පාපන්දු ක්‍රීඩකයා,මැරඩෝනා නියමයි. Sinsemillia ඊටත් වඩා හොඳයි.
බේස්බෝල් ගැන මට කියන්න,බේස්බෝල් යනු කුමක්ද?
ඔබේ ප්‍රියතම පාපන්දු සමාජය කුමක්ද?, මම රියල් මැඩ්රිඩ් රසිකයෙක්
දැන් කීයට විතර ඇද්ද, දැන් වෙලාව දෙකට විතර ඇති
වෙලාව කියන්න පුලුවන්ද, දැන් පහට විතර ඇති 
වෙලාව කීයද, හරියට වෙලාව කියන්න බෑ
මට වෙලාව කියන්න පුලුවන්ද,දැන් වෙලාව තුනයි 
දැන් වෙලාව පහට විතර ඇති නේද,ඔව් 